{"mean":{"confidence_interval":{"confidence_level":0.95,"lower_bound":8424910.950666666,"upper_bound":8774090.717},"point_estimate":8587998.830095237,"standard_error":89895.60969653126},"median":{"confidence_interval":{"confidence_level":0.95,"lower_bound":8329265.633333333,"upper_bound":8775854.575},"point_estimate":8520101.025,"standard_error":135296.31293880456},"median_abs_dev":{"confidence_interval":{"confidence_level":0.95,"lower_bound":16131.910858601608,"upper_bound":536707.9610115293},"point_estimate":352136.64399832464,"standard_error":127411.98808488225},"slope":{"confidence_interval":{"confidence_level":0.95,"lower_bound":8468337.599215107,"upper_bound":8964511.237564404},"point_estimate":8735750.256103896,"standard_error":126746.32568296495},"std_dev":{"confidence_interval":{"confidence_level":0.95,"lower_bound":154927.62771540348,"upper_bound":397523.2993106611},"point_estimate":299907.87914733693,"standard_error":68298.42323900948}}